IFSC_Code,Branch_Name,Bank_Name
SBIN00923,CANTONMENT,SBI
SBIY28791,TVS_TOLGATE,SBI
SBIA46780,CRAWFORD,SBI
SBIN78291,TENNUR,SBI
IOBA00193,CANTONMENT,IOB
IOBS780091,CRAWFORD,IOB
IOBD00456,T_NAGAR,IOB
UBIN00123,CANTONMENT,UBI
